Chrmosome	Strand	Junction	/home/bio-longyk/STAR_TRIM/low-1/Aligned.sortedByCoord.out.bam	/home/bio-longyk/STAR_TRIM/low-2/Aligned.sortedByCoord.out.bam	/home/bio-longyk/STAR_TRIM/high-1/Aligned.sortedByCoord.out.bam	/home/bio-longyk/STAR_TRIM/high-2/Aligned.sortedByCoord.out.bam
chr3	+	53161428-53165104	57.8894233921735	80.7913973464974	86.896894119185	75.449922268482
chr3	+	53161428-53173493	41.5056243189169	52.8991292149685	13.6691743558269	6.85908384258927
chr3	+	53161428-53178404	92.8415280817877	67.3261644554145	150.360917914095	113.664817962908
chr3	+	53165215-53178404	29.490838331862	25.0068610834397	75.1804589570477	57.8122781018239
chr3	+	53173608-53178404	96.118287896439	88.4858161414019	10.7400655652925	12.7382985648087
chr3	+	53178537-53179577	180.221789805823	196.207679270065	202.108506546869	173.436834305472
chr3	+	53179776-53181207	247.941492641951	270.266460171021	253.856095179642	233.208850648035
chr3	+	53181267-53181444	278.524584245363	308.738554145544	289.005400666054	269.464008101721
chr3	+	53181606-53181701	277.432330973813	228.908959148409	286.076291875519	256.725709536913
chr3	+	53181732-53183121	264.325291715207	232.756168545862	290.958139859743	262.604924259132
chr3	+	53183206-53183452	292.723876775519	241.412389690129	269.478008729158	253.786102175803
chr3	+	53183581-53184874	303.646409491023	357.79047396306	341.729358895672	322.376940601696
chr3	+	53184974-53185604	339.690767452188	411.651405527392	413.00433946534	368.430789259081
chr3	+	53185700-53185927	280.709090788464	352.981462216245	362.233120429412	355.692490694272
chr3	+	53186027-53186167	253.402758999703	295.273321254461	265.572530341779	309.638642036887
chr3	+	53186340-53186604	195.513335607529	269.304657821658	240.186920823815	238.108196249885
chr3	+	53186695-53187340	209.712628137685	272.190064869747	288.029031069209	248.886756573954
chr3	+	53187402-53188720	229.373187025593	295.273321254461	296.816357440812	258.685447777653
chr3	+	53188858-53189058	185.683056163575	270.266460171021	215.777680902695	227.329635925816
chr3	+	53189246-53189873	217.358401038538	255.839424930575	248.974247195418	219.490682962857
chr3	+	53190001-53192108	251.218252456602	235.641575593951	227.494116064833	232.228981527665
chr7	-	550602-551389	92.8415280817877	95.2184325869434	548.719713426764	469.35730865718
chr7	-	551470-579256	67.7197028361275	87.5240137920389	578.987170928952	446.820318888673
chr7	-	578853-579256	17.4760523448071	13.4652328910829	330.012923733534	284.16204490727
chr7	-	579377-584508	125.609126228301	144.27035240446	1322.98080372467	1184.6617665272
chr7	-	584568-596146	179.129536534273	195.245876920702	1835.57484206818	1562.89124698998
chr7	-	596304-601453	0	0.961802349363065	278.265335100761	166.577750462882
chr7	-	596304-602553	1.09225327155044	2.88540704808919	151.33728751094	124.443378286977
chr7	-	596304-606193	129.978139314503	130.805119513377	653.191260289155	596.740294305267
chr7	-	602258-603067	0	0	72.2513501665134	55.8525398610841
chr7	-	603297-607865	0	0	128.88078678351	131.302462129566
chr7	-	603616-607865	0	0	38.0784142769463	41.1545030555356
chr7	-	606239-607391	121.240113142099	130.805119513377	672.718652226051	577.142911897869
chr7	-	607452-635825	73.1809691938797	40.3956986732487	79.0859373444268	85.248613472181
chr7	-	607452-677229	75.3654757369806	100.027444333759	617.065585205898	511.491680833086
chr7	-	607977-608189	0	0	31.2438270990328	28.416204490727
chr7	-	677320-680556	80.8267420947328	96.1802349363064	638.545716336483	560.485136851581
chr7	-	680726-711329	112.502086969696	138.499538308281	735.206306424116	700.606421064476
chr7	-	711527-727210	20.7528121594584	22.1214540353505	215.777680902695	199.893300555459
chr7	-	711527-727590	58.9816766637239	80.7913973464974	318.296488571397	322.376940601696
chr7	-	727315-729663	271.97106461606	258.724831978664	235.305072839591	249.866625694324
chr3	+	51983589-51984047	205.343615051483	216.40552860669	365.162229219946	259.665316898023
chr3	+	51984158-51985207	221.72741412474	189.475062824524	371.020446801015	299.839950833188
chr3	+	51984158-51985361	17.4760523448071	26.9304657821658	16.5982831463612	16.6577750462882
chr3	+	51985271-51985361	257.771772085905	243.335994388855	514.546777537197	413.504768796096
chr3	+	51985465-51985852	263.233038443657	227.947156799046	466.704667291803	365.491181897971
chr3	+	51985946-51986255	301.461902947922	263.53384372548	482.326580841319	361.571705416492
chr3	+	51986331-51986415	280.709090788464	256.801227279938	472.562884872872	366.471051018341
chr3	+	51986504-51986605	309.107675848776	234.679773244588	458.893710517045	387.048302546109
chr3	+	51986661-51986988	247.941492641951	175.048027584078	331.965662927224	304.739296435038
chr3	+	51987061-51987147	184.590802892025	159.659189994269	301.698205425036	244.967280092474
chr3	+	51987061-51987556	12.0147859870549	11.5416281923568	9.76369596844776	9.79869120369896
chr3	+	51987196-51987309	209.712628137685	188.513260475161	384.689621156842	308.658772916517
chr3	+	51987453-51987556	212.989387952336	238.52698264204	374.925925188394	334.135370046135
chr3	+	51987624-51988524	120.147859870549	143.308550055097	379.807773172618	322.376940601696
chr3	+	51987624-51988766	114.686593512797	121.187096019746	31.2438270990328	39.1947648147959
chr3	+	51988603-51988766	138.716165486906	135.614131260192	392.5005779316	304.739296435038
chr3	+	51988826-51988911	227.188680482492	206.787505113059	444.248166564373	350.793145092423
chr3	+	58008856-58077046	422.702016090022	361.637683360512	1112.0849708062	1090.59433097169
chr3	+	58077294-58078717	575.617474107084	489.5573958258	1508.49102712518	1483.52184824002
chr3	+	58078814-58081629	503.528758184754	428.002045466564	1313.21710775622	1306.16553745307
chr3	+	58081776-58094836	545.034382503671	443.390883056373	1446.00337292711	1341.44082578639
chr3	+	58094954-58096141	548.311142318323	484.748384078985	1351.29552203317	1320.86357425862
chr3	+	58096218-58097815	502.436504913204	441.467278357647	1384.49208832589	1232.67535342533
chr3	+	58097977-58098711	502.436504913204	510.717047511787	1457.71980808925	1297.34671536974
chr3	+	58098908-58102203	739.45546483965	684.803272746502	2017.17958708131	1702.03266208251
chr3	+	58102340-58103959	593.093526451891	597.279258954463	1632.48996592447	1431.58878486042
chr3	+	58104085-58105080	513.359037628708	459.741522995545	1454.79069929872	1281.66880944382
chr3	+	58105216-58106680	496.975238555452	442.42908070701	1364.964696389	1300.28632273085
chr3	+	58106873-58108458	457.654120779636	408.765998479302	1278.06780226981	1191.52085036979
chr3	+	58108571-58109179	471.853413309792	464.55053474236	1346.41367404895	1278.72920208271
chr3	+	58109322-58109576	561.418181576928	507.831640463698	1635.419074715	1466.86407319373
chr3	+	58109699-58110010	524.281570344213	474.168558235991	1588.55333406645	1492.34067032335
chr3	+	58110170-58111791	764.57729008531	743.473216057649	2342.31066283062	2057.72515277678
chr3	+	58111881-58112149	595.278032994992	516.487861607966	1695.95398971938	1542.31399546222
chr3	+	58112318-58118872	598.554792809643	490.519198175163	1648.11187947398	1603.06588092515
chr3	+	58118989-58121241	578.894233921735	536.68571094459	1596.36429084121	1734.36834305472
chr3	+	58121503-58123093	605.108312438946	569.386990822934	1873.65325634512	1754.94559458248
chr3	+	58123690-58124332	658.628722744917	565.539781425482	1714.50501205943	1522.71661305482
chr3	+	58124505-58125581	608.385072253597	492.442802873889	1533.87663664314	1541.33412634185
chr3	+	58125743-58126602	415.056243189168	377.026520950321	1116.96681879042	1006.32558661988
chr3	+	58126762-58130741	687.027307805229	591.508444858285	1758.44164391744	1675.57619583252
chr3	+	58126762-58132808	25.1218252456602	25.0068610834397	25.3856095179642	12.7382985648087
chr3	+	58130908-58131927	41.5056243189169	52.8991292149685	553.601561410988	478.176130740509
chr3	+	58130908-58132808	584.355500279487	458.779720646182	1121.84866677465	1091.57420009206
chr3	+	58131989-58132808	3.27675981465133	8.65622114426758	51.7475886327731	49.9733251388647
chr3	+	58132019-58132808	32.7675981465133	28.8540704808919	342.705728492516	314.537987638737
chr3	+	58132931-58134616	633.506897499257	467.435941790449	1502.63280954411	1528.59582777704
chr3	+	58134772-58135979	604.016059167395	456.856115947456	1483.10541760721	1374.75637587896
chr3	+	58136168-58138282	642.244923671661	551.112746185036	1644.2064010866	1659.8982899066
chr3	+	58138529-58141858	750.377997555155	601.126468351915	542.861495845695	469.35730865718
chr3	+	58138529-58142650	37.1366112327151	40.3956986732487	1331.76813009627	1217.97731661978
chr3	+	58141896-58142650	136.531658943805	80.7913973464974	77.1331981507373	52.9129324999744
chr3	+	58141929-58142650	484.960452568397	416.460417274207	362.233120429412	317.477594999846
chr3	+	58142752-58143473	645.521683486312	571.31059552166	1788.70910141963	1629.52234717514
chr3	+	58142752-58145921	4.36901308620177	1.92360469872613	23.4328703242746	27.4363353703571
chr3	+	58143613-58145921	585.447753551038	527.067687450959	1561.2149853548	1561.91137786961
chr3	+	58146049-58146820	581.078740464836	541.494722691405	1506.53828793149	1639.32103837884
chr3	+	58146993-58148206	625.861124598404	625.171527085992	1684.23755455724	1652.05933694365
chr3	+	58148364-58148649	561.418181576928	556.883560281214	1555.35676777373	1510.95818361038
chr3	+	58148852-58149850	656.444216201817	538.609315643316	1771.13444867642	1701.05279296214
chr3	+	58150002-58150105	620.399858240652	527.067687450959	1610.03346519704	1709.87161504547
chr3	+	58150227-58153375	814.820940576631	731.931587865292	2220.26446322502	2053.8056762953
chr3	+	58153641-58154791	655.351962930266	586.699433111469	1643.23003148976	1549.17307930481
chr3	+	58154928-58155960	610.569578796698	612.668096544272	1832.64573327764	1675.57619583252
chr3	+	58156075-58159554	566.87944793468	642.483969374527	1706.69405528467	1573.66980731405
chr3	+	58159686-58163154	693.580827434532	769.441879490452	2112.8638075721	2069.48358222122
chr3	+	58163330-58168440	720.887159223293	657.872806964336	2056.2343709551	2047.92646157308
chr3	+	58168658-58169590	851.957551809346	733.855192564018	2166.56413539856	2239.00094004521
chr3	+	58169793-58170575	515.543544171809	520.335071005418	1325.90991251521	1371.81676851785
chr19	-	35497538-35497647	135.439405672255	130.805119513377	79.0859373444268	93.0875664351401
chr19	-	35497538-35498598	144.177431844659	147.155759452549	101.542438071857	94.06743555551
chr19	-	35497538-35498716	292.723876775519	340.478031674525	214.801311305851	219.490682962857
chr19	-	35497681-35498598	46.9668906766691	32.7012798783442	21.4801311305851	12.7382985648087
chr19	-	35497681-35498716	32.7675981465133	43.2811057213379	31.2438270990328	35.2752883333163
chr19	-	35498763-35498874	290.539370232418	293.349716555735	184.533853803663	181.275787268431
chr19	-	35498897-35499958	237.018959926446	212.558319209237	120.093460411907	139.141415092525
chr19	-	35500029-35500378	87.3802617240355	64.4407574073253	55.6530670201522	56.832408981454
chr19	-	35500029-35500533	176.945029991172	223.138145052231	123.022569202442	128.362854768456
chr19	-	35500419-35500533	74.2732224654302	50.0137221668794	39.054783873791	33.3155500925765
chr19	-	35500580-35502136	407.410470288315	528.029489800322	345.634837283051	283.1821757869
chr19	-	35500580-35505718	27.3063317887611	28.8540704808919	4.88184798422388	13.7181676851785
chr19	-	35502183-35502830	401.949203930563	439.543673658921	327.083814943	278.282830185051
chr19	-	35502183-35505718	15.2915458017062	26.9304657821658	5.85821758106866	5.87921472221938
chr19	-	35502886-35505718	341.875273995289	383.759137395863	287.052661472364	251.826363935063
chr19	-	35503447-35505718	479.499186210645	543.418327390131	605.349150043761	610.458461990445
chr19	-	35505765-35505939	971.013158408344	1072.40961953982	1011.51890233119	930.875664351401
chr19	-	35505765-35509911	20.7528121594584	38.4720939745226	24.4092399211194	31.3558118518367
chr19	-	35505765-35510184	120.147859870549	154.850178247453	101.542438071857	104.845995879579
chr19	-	35505986-35506126	83.0112486378337	94.2566302375803	77.1331981507373	88.1882208332907
chr19	-	35505986-35507458	4.36901308620177	9.61802349363064	78.1095677475821	60.7518854629336
chr19	-	35505986-35508205	8.73802617240355	15.388837589809	3.9054783873791	12.7382985648087
chr19	-	35505986-35509911	440.178068434829	428.963847815927	443.271796967528	359.611967175752
chr19	-	35505986-35510184	905.477962115318	828.111822801599	757.662807151546	640.834404721912
chr19	-	35506185-35507458	4.36901308620177	4.80901174681532	23.4328703242746	30.3759427314668
chr19	-	35506185-35509911	54.6126635775222	73.0969785515929	29.2910879053433	36.2551574536862
chr19	-	35506185-35510184	79.7344888231824	39.4338963238856	24.4092399211194	32.3356809722066
chr19	-	35506665-35509911	40.4133710473664	14.427035240446	1.95273919368955	0
chr19	-	35507511-35508205	3.27675981465133	2.88540704808919	30.2674575021881	24.4967280092474
chr19	-	35507511-35509911	4.36901308620177	8.65622114426758	85.9205245223403	53.8928016203443
chr19	-	35507511-35510184	7.6457729008531	9.61802349363064	54.6766974233074	52.9129324999744
chr19	-	35508240-35509911	51.3359037628708	74.058780900956	79.0859373444268	43.1142412962754
chr19	-	35508240-35510184	25.1218252456602	35.5866869264334	37.1020446801015	44.0941104166453
chr19	-	35509961-35510184	917.492748102372	947.375314122619	931.456595389916	745.680400601491
chr19	-	35510252-35510371	305.830916034124	327.974601132805	248.974247195418	279.26269930542
chr19	-	35510252-35510379	240.295719741098	251.03041318376	344.658467686206	234.188719768405
chr19	-	35510252-35510483	14.1992925301558	23.0832563847136	13.6691743558269	9.79869120369896
chr19	-	35510252-35511411	49.15139721977	40.3956986732487	7.81095677475821	6.85908384258927
chr19	-	35511593-35511763	36.0443579611646	38.4720939745226	10.7400655652925	11.7584294444388
chr19	-	35511813-35512421	37.1366112327151	24.0450587340766	13.6691743558269	13.7181676851785
chr19	-	35512477-35512590	36.0443579611646	18.2742446378982	7.81095677475821	7.83895296295917
chr19	-	35512790-35513050	81.9189953662833	45.204710420064	32.2201966958776	13.7181676851785
chr11	+	57762046-57789037	0	1.92360469872613	310.485531796639	270.443877222091
chr11	+	57762046-57791385	7.6457729008531	3.84720939745226	48.8184798422388	37.2350265740561
chr11	+	57762046-57794010	576.709727378634	669.414435156693	495.995755197146	513.451419073826
chr11	+	57762046-57795577	218.450654310089	238.52698264204	147.431809123561	153.839451898074
chr11	+	57762068-57794010	14.1992925301558	20.1978493366244	15.6219135495164	17.6376441666581
chr11	+	57762119-57794010	61.1661832068248	50.9755245162424	53.7003278264627	28.416204490727
chr11	+	57789155-57791385	0	0	232.375964049057	184.21539462954
chr11	+	57791673-57794010	25.1218252456602	14.427035240446	231.399594452212	179.316049027691
chr11	+	57791673-57795577	4.36901308620177	2.88540704808919	31.2438270990328	23.5168588888775
chr11	+	57794081-57795577	594.185779723441	620.362515339177	698.104261744015	622.216891434884
chr11	+	57795729-57796457	563.602688120029	502.06082636752	662.954956257603	593.800686944157
chr11	+	57796992-57801733	366.997099240949	366.446695107328	470.610145679182	429.182674722015
chr11	+	57802196-57803621	460.930880594287	486.671988777711	573.128953347883	521.290372036785
chr11	+	57803804-57804663	470.761160038241	544.380129739494	624.876541980657	572.243566296019
chr11	+	57804780-57805882	612.754085339799	701.153912685674	901.189137887728	767.237521249629
chr11	+	57806035-57806915	531.927343245066	506.869838114335	690.293304969256	553.626053008991
chr11	+	57806983-57808165	444.54708152103	483.786581729621	598.514562865848	481.115738101619
chr11	+	57808292-57808390	474.037919852892	413.575010226118	579.963540525797	474.25665425903
chr11	+	57808540-57809274	513.359037628708	554.959955582488	711.773436099842	558.525398610841
chr11	+	57809466-57810109	475.130173124443	515.526059258603	683.458717791343	567.34422069417
chr11	+	57810223-57811399	848.680791994694	746.358623105738	1128.68325395256	860.325087684769
chr11	+	57811486-57814311	925.138521003225	836.768043945866	1191.17090815063	928.915926110662
chr11	+	57811486-57815394	21.8450654310089	24.0450587340766	41.9838926643254	17.6376441666581
chr11	+	57814373-57815394	727.440678852595	749.244030153827	998.826097572206	844.647181758851
chr11	+	57815500-57815915	27.3063317887611	14.427035240446	8.78732637160298	22.5369897685076
chr11	+	57815500-57816297	629.137884413055	733.855192564018	851.394288448645	783.895296295917
chr11	+	57815500-57816300	34.9521046896142	51.9373268656055	57.6058062138418	66.6311001851529
chr11	+	57816001-57816297	25.1218252456602	14.427035240446	13.6691743558269	18.617513287028
chr20	-	62309475-62309716	396.487937572811	379.91192799841	690.293304969256	607.518854629336
chr20	-	62309835-62309988	348.428793624591	427.040243117201	732.277197633582	645.733750323762
chr20	-	62310081-62310178	276.340077702262	358.752276312423	605.349150043761	517.370895555305
chr20	-	62310311-62310419	330.952741279784	288.540704808919	739.111784811495	648.673357684871
chr20	-	62310311-62310665	9.83027944395399	14.427035240446	14.6455439526716	39.1947648147959
chr20	-	62310572-62310665	333.137247822885	417.42221962357	637.569346739639	591.840948703417
chr20	-	62310829-62310902	245.75698609885	347.210648120066	498.92486398768	490.914429305318
chr20	-	62311094-62311162	264.325291715207	265.457448424206	463.775558501269	470.33717777755
chr20	-	62311307-62311386	16.3837990732567	22.1214540353505	57.6058062138418	45.0739795370152
chr20	-	62311307-62311401	270.87881134451	323.16558938599	468.657406485492	438.001496805344
chr20	-	62311536-62311614	292.723876775519	335.66901992771	556.530670201522	493.854036666428
chr20	-	62311784-62311920	290.539370232418	344.325241071977	592.656345284779	534.028670601593
chr20	-	62312050-62312173	293.816130047069	303.929542398728	578.010801332107	523.250110277525
chr20	-	62312316-62312400	264.325291715207	309.700356494907	557.507039798367	485.035214583099
chr20	-	62312532-62312632	262.140785172106	322.203787036627	527.239582296179	506.592335231236
chr20	-	62312780-62312888	225.004173939391	250.068610834397	434.484470595925	380.18921870352
chr20	-	62313010-62313088	298.185143133271	306.814949446818	496.972124793991	424.283329120165
chr20	-	62313250-62313327	332.044994551335	332.78361287962	538.956017458316	516.391026434935
chr20	-	62313460-62313649	320.03020856428	356.828671613697	622.923802786967	587.921472221938
chr20	-	62313802-62314304	344.05978053839	292.387914206372	585.821758106866	518.350764675675
chr20	-	62314440-62314555	241.387973012648	192.360469872613	405.193382690582	317.477594999846
chr20	-	62314725-62314799	277.432330973813	323.16558938599	576.058062138418	466.417701296071
chr20	-	62314947-62315028	330.952741279784	435.696464261468	628.782020368036	534.028670601593
chr20	-	62315207-62315948	313.476688934977	392.41535854013	625.852911577501	536.968277962703
chr20	-	62316058-62316671	228.280933754043	276.999076616563	500.87760318137	424.283329120165
chr20	-	62316773-62316882	214.081641223887	164.468201741084	379.807773172618	300.819819953558
chr20	-	62317023-62317345	169.299257090319	169.277213487899	354.422163654654	289.061390509119
chr20	-	62317499-62317662	238.111213197997	240.450587340766	426.673513821167	345.893799490573
chr20	-	62317778-62318454	251.218252456602	282.769890712741	530.168691086713	379.20934958315
chr20	-	62318650-62318843	208.620374866135	255.839424930575	437.41357938646	349.813275972053
chr20	-	62319013-62319443	41.5056243189169	60.5935480098731	42.9602622611701	14.6980368055484
chr20	-	62319013-62319684	168.207003818768	185.627853427071	454.011862532821	305.719165555408
chr20	-	62319569-62319684	43.6901308620177	65.4025597566884	35.1493054864119	16.6577750462882
chr20	-	62319795-62320559	190.052069249777	210.634714510511	394.453317125289	346.873668610943
chr20	-	62320669-62320739	208.620374866135	203.90209806497	406.169752287427	324.336678842436
chr20	-	62320890-62322019	151.823204745512	176.009829933441	316.343749377707	227.329635925816
chr20	-	62322168-62322269	225.004173939391	195.245876920702	342.705728492516	334.135370046135
chr20	-	62322449-62322658	155.099964560163	146.193957103186	327.083814943	288.081521388749
chr20	-	62322449-62323456	16.3837990732567	14.427035240446	10.7400655652925	10.7785603240689
chr20	-	62322758-62323456	155.099964560163	189.475062824524	324.154706152466	336.095108286874
chr20	-	62323670-62323776	148.54644493086	179.857039330893	324.154706152466	319.437333240586
chr20	-	62323856-62324080	131.070392586053	168.315411138536	278.265335100761	247.906887453584
chr20	-	62324204-62324441	166.022497275667	215.443726257326	332.942032524069	292.000997870229
chr20	-	62324554-62325316	144.177431844659	145.232154753823	270.454378326003	243.007541851734
chr20	-	62325546-62326677	175.852776719621	181.780644029619	392.5005779316	267.504269860982
chr20	-	62326760-62326865	179.129536534273	183.704248728345	384.689621156842	320.417202360956
chr20	-	62326966-62327233	194.421082335979	200.054888667517	396.406056318979	323.356809722066
chr20	-	62327406-62327529	182.406296348924	174.086225234715	324.154706152466	260.645186018392
chr20	-	62327669-62327866	195.513335607529	220.252738004142	400.311534706358	390.967779027589
chr20	-	62328010-62328241	159.468977646365	200.054888667517	378.831403575773	302.779558194298
chr20	-	62328445-62328844	145.269685116209	169.277213487899	330.989293330379	289.061390509119
chr20	-	62329055-62329138	195.513335607529	189.475062824524	341.729358895672	317.477594999846
chr20	-	62329253-62329777	155.099964560163	179.857039330893	252.879725582797	285.14191402764
chr20	-	62329916-62330488	119.055606598998	141.38494535637	280.218074294451	222.430290323966
chr20	-	62330614-62330743	114.686593512797	125.034305417198	287.052661472364	263.584793379502
chr20	-	62330944-62331032	104.856314068843	129.843317164014	265.572530341779	248.886756573954
chr20	-	62331129-62332372	41.5056243189169	13.4652328910829	241.16329042066	168.537488703622
chr20	-	62331233-62331300	42.5978775904673	16.3506399391721	10.7400655652925	12.7382985648087
chr20	-	62331729-62332372	112.502086969696	148.117561801912	28.3147183084985	39.1947648147959
chr20	-	62332480-62332557	115.778846784347	178.89523698153	325.13107574931	247.906887453584
chr20	-	62332717-62333090	119.055606598998	125.034305417198	283.147183084985	253.786102175803
chr20	-	62333243-62333375	168.207003818768	136.575933609555	345.634837283051	236.148458009145
chr20	-	62333481-62333564	138.716165486906	110.607270176752	322.201966958776	258.685447777653
chr20	-	62333706-62333901	136.531658943805	127.919712465288	312.438270990328	273.383484583201
chr20	-	62334039-62334186	135.439405672255	178.89523698153	399.335165109513	335.115239166505
chr20	-	62334342-62334522	167.114750547218	181.780644029619	391.524208334755	369.410658379451
chr20	-	62334621-62335021	138.716165486906	135.614131260192	300.721835828191	250.846494814693
chr20	-	62335126-62335217	119.055606598998	118.301688971657	278.265335100761	212.631599120267
chr20	-	62335269-62336340	131.070392586053	132.728724212103	247.997877598573	211.651729999898
chr20	-	62336445-62336734	125.609126228301	149.079364151275	253.856095179642	226.349766805446
chr20	-	62336786-62337590	116.871100055897	128.881514814651	298.769096634501	268.484138981352
chr20	-	62337727-62337804	144.177431844659	130.805119513377	368.091338010481	313.558118518367
chr20	-	62337938-62338016	97.2105411679895	155.811980596816	294.863618247122	286.12178314801
chr20	-	62338150-62338232	111.409833698145	196.207679270065	302.674575021881	264.564662499872
chr20	-	62338369-62338468	170.391510361869	205.825702763696	436.437209789615	342.954192129464
chr20	-	62338608-62345818	156.192217831713	178.89523698153	289.005400666054	270.443877222091
chr20	-	62345877-62346081	176.945029991172	181.780644029619	305.603683812415	266.524400740612
chr20	-	62346215-62346506	141.992925301558	152.926573548727	303.650944618725	216.551075601747
chr20	-	62346596-62346682	119.055606598998	104.836456080574	276.312595907072	226.349766805446
chr20	-	62346800-62346913	136.531658943805	132.728724212103	340.752989298827	264.564662499872
chr20	-	62347028-62351704	155.099964560163	128.881514814651	371.99681639786	261.625055138762
chr20	-	62351801-62351909	184.590802892025	161.582794692995	361.256750832567	312.578249397997
chr20	-	62352079-62352242	127.793632771402	125.996107766561	334.894771717758	251.826363935063
chr20	-	62352360-62353134	125.609126228301	151.002968850001	309.509162199794	243.987410972104
chr20	-	62353251-62356289	4.36901308620177	2.88540704808919	22.4565007274298	32.3356809722066
chr20	-	62353251-62362400	89.5647682671364	114.454479574205	207.966724127937	208.712122638788
chr20	-	62362552-62366949	66.627449564577	80.7913973464974	135.715373961424	164.618012222143
chr6	+	31835057-31835411	478.406932939094	436.658266610831	273.383487116537	271.423746342461
chr6	+	31835057-31835414	76.457729008531	70.2115715035037	14.6455439526716	8.81882208332907
chr6	+	31835200-31835411	1966.0558887908	1659.10905265129	3028.69848941249	2439.87410972104
chr6	+	31835200-31835414	183.498549620474	184.666051077708	41.9838926643254	36.2551574536862
chr6	+	31835200-31836413	18.5683056163575	22.1214540353505	0	0
chr6	+	31835200-31836424	30.5830916034124	22.1214540353505	2.92910879053433	0.979869120369896
chr6	+	31835200-31837236	92.8415280817877	50.0137221668794	22.4565007274298	20.5772515277678
chr6	+	31835451-31836295	39.321117775816	36.5484892757964	10.7400655652925	14.6980368055484
chr6	+	31835451-31836299	58.9816766637239	74.058780900956	15.6219135495164	8.81882208332907
chr6	+	31835451-31836413	21.8450654310089	15.388837589809	0.976369596844776	11.7584294444388
chr6	+	31835451-31836424	1396.99193431302	1282.08253170097	606.325519640606	557.545529490471
chr6	+	31835451-31836427	22.9373187025593	11.5416281923568	12.6928047589821	6.85908384258927
chr6	+	31835451-31837236	352.797806710793	294.311518905098	1517.27835349678	1235.61496078644
chr6	+	31836517-31837236	976.474424766096	964.687756411154	390.54783873791	400.766470231288
chr6	+	31837435-31839543	1561.92217831713	1544.65457307708	1496.77459196304	1490.38093208261
chr11	+	842915-847201	65.5351962930266	77.9059902984082	123.998938799287	67.6109693055228
chr11	+	842915-850288	13.1070392586053	18.2742446378982	15.6219135495164	12.7382985648087
chr11	+	843045-847201	44.7823841335682	61.5553503592361	67.3695021822895	77.4096605092218
chr11	+	843050-847201	13.1070392586053	12.5034305417198	59.5585454075313	37.2350265740561
chr11	+	844186-847201	25.1218252456602	11.5416281923568	136.691743558269	130.322593009196
chr11	+	844587-847201	4.36901308620177	1.92360469872613	24.4092399211194	22.5369897685076
chr11	+	847300-850288	211.897134680786	245.259599087581	552.625191814143	443.880711527563
chr11	+	847300-862550	21.8450654310089	14.427035240446	83.9677853286507	58.7921472221938
chr11	+	847300-864437	25.1218252456602	24.0450587340766	2.92910879053433	1.95973824073979
chr11	+	850367-862550	140.900672030007	170.239015837262	610.230998027985	509.531942592346
chr11	+	850367-864437	109.225327155044	117.339886622294	29.2910879053433	33.3155500925765
chr11	+	862741-864437	125.609126228301	124.072503067835	482.326580841319	419.383983518316
chr11	+	864511-865513	244.664732827299	248.145006135671	552.625191814143	430.162543842384
chr11	+	865614-865694	198.790095422181	253.915820231849	537.979647861471	367.450920138711
chr11	+	865825-865918	271.97106461606	339.516229325162	665.884065048137	542.847492684922
chr11	+	866001-866562	314.568942206528	392.41535854013	774.261090297907	619.277284073774
chr11	+	12674834-12675409	88.4725149955859	80.7913973464974	97.6369596844776	142.081022453635
chr11	+	12674834-12764179	57.8894233921735	60.5935480098731	77.1331981507373	92.1076973147702
chr11	+	12675561-12764179	152.915458017062	144.27035240446	152.313657107785	177.356310786951
chr11	+	12764434-12862250	160.561230917915	171.200818186625	212.848572112161	251.826363935063
chr11	+	12862314-12864686	125.609126228301	106.7600607793	108.37702524977	86.2284825925509
chr11	+	12862314-12864838	30.5830916034124	25.0068610834397	49.7948494390836	90.1479590740305
chr11	+	12864748-12864838	19.660558887908	11.5416281923568	48.8184798422388	41.1545030555356
chr11	+	12864748-12878889	31.6753448749629	26.9304657821658	8.78732637160298	14.6980368055484
chr11	+	12864748-12879708	61.1661832068248	59.63174566051	12.6928047589821	22.5369897685076
chr11	+	12864900-12878889	2.18450654310089	2.88540704808919	42.9602622611701	38.214895694426
chr11	+	12864900-12879708	25.1218252456602	35.5866869264334	87.8732637160298	101.906388518469
chr11	+	12878900-12879708	38.2288645042655	37.5102916251595	56.629436616997	54.8726707407142
chr11	+	12879842-12881005	113.594340241246	131.76692186274	171.841049044681	195.973824073979
chr11	+	12881051-12881896	171.48376363342	170.239015837262	212.848572112161	195.973824073979
chr11	+	12881957-12883001	179.129536534273	174.086225234715	234.328703242746	217.530944722117
chr11	+	12883125-12901940	181.314043077374	195.245876920702	230.423224855367	237.128327129515
chr11	+	12883125-12924912	10.9225327155044	16.3506399391721	10.7400655652925	8.81882208332907
chr11	+	12902113-12924912	178.037283262722	193.322272221976	274.359856713382	271.423746342461
chr11	+	12925052-12930174	199.882348693731	176.009829933441	231.399594452212	317.477594999846
chr11	+	12930326-12937109	235.926706654896	204.863900414333	285.099922278675	351.773014212793
chr10	+	103967895-103990675	122.33236641365	94.2566302375803	100.566068475012	125.423247407347
chr10	+	103990839-103992598	91.7492748102372	58.6699433111469	70.2986109728239	87.2083517129208
chr10	+	103992646-103992984	80.8267420947328	72.1351762022298	65.4167629886	100.926519398099
chr10	+	103993133-103998899	96.118287896439	70.2115715035037	74.204089360203	79.3693987499616
chr10	+	103998971-103999119	107.040820611943	66.3643621060515	74.204089360203	87.2083517129208
chr10	+	103999313-103999867	91.7492748102372	51.9373268656055	35.1493054864119	81.3291369907014
chr10	+	103999948-104001444	89.5647682671364	59.63174566051	38.0784142769463	72.5103149073723
chr10	+	104001572-104002172	99.3950477110903	87.5240137920389	73.2277197633582	91.1278281944004
chr10	+	104003527-104005561	90.6570215386868	65.4025597566884	71.2749805696686	87.2083517129208
chr10	+	104005691-104005912	97.2105411679895	94.2566302375803	82.9914157318059	104.845995879579
chr10	+	104006035-104008177	111.409833698145	91.3712231894911	115.211612427684	136.201807731416
chr10	+	104008356-104010816	88.4725149955859	73.0969785515929	10.7400655652925	32.3356809722066
chr10	+	104008356-104018160	17.4760523448071	18.2742446378982	99.5896988781671	110.725210601798
chr10	+	104010908-104018160	133.254899129154	111.569072526115	20.5037615337403	32.3356809722066
chr10	+	104018289-104018784	172.57601690497	125.034305417198	124.975308396131	139.141415092525
chr10	+	104018908-104019734	102.671807525742	100.989246683122	72.2513501665134	79.3693987499616
chr10	+	104019922-104020488	154.007711288613	110.607270176752	101.542438071857	113.664817962908
chr10	+	104020613-104021620	171.48376363342	75.020583250319	109.353394846615	133.262200370306
chr10	+	104021733-104025574	185.683056163575	104.836456080574	122.046199605597	143.060891574005
chr11	+	62856381-62870745	930.599787360978	1060.86799134746	179.652005819439	209.691991759158
chr11	+	62856381-62871577	107.040820611943	145.232154753823	840.654222883352	800.553071342205
chr11	+	62856381-62881019	83.0112486378337	71.1733738528668	144.502700333027	125.423247407347
chr11	+	62870795-62871577	10.9225327155044	11.5416281923568	31.2438270990328	21.5571206481377
chr11	+	62870837-62871577	716.518146137091	833.882636897777	118.140721218218	184.21539462954
chr11	+	62871669-62876784	234.834453383345	266.419250773569	176.722897028904	170.497226944362
chr11	+	62871669-62876787	132.162645857604	118.301688971657	63.4640237949104	122.483640046237
chr11	+	62871669-62881019	420.517509546921	521.296873354781	540.908756652006	530.109194120114
chr11	+	62876879-62881019	396.487937572811	413.575010226118	247.997877598573	298.860081712818
chr11	+	62881056-62881183	16.3837990732567	30.7776751796181	42.9602622611701	41.1545030555356
chr11	+	62881447-62881893	1880.86013360986	2285.24238208664	3086.30429562634	2816.14385194308
chr11	+	62882066-62882667	3.27675981465133	4.80901174681532	26.3619791148089	14.6980368055484
chr11	+	62882066-62882908	2392.03466469547	2602.63715737645	3964.06056318979	3570.6430746279
chr11	+	62882807-62882908	4.36901308620177	4.80901174681532	14.6455439526716	20.5772515277678
chr11	+	62882999-62884457	2128.80162625181	2328.52348780798	3275.71999741422	3115.0039336559
chr11	+	62884525-62884632	2350.52904037655	2703.62640405957	3684.81885849218	3536.34765541496
chr11	+	62884690-62885177	2511.09027129447	3009.47955115703	4136.87798183132	3846.96616657221
chr11	+	62885357-62885465	2872.62610417767	3443.25241071977	4519.61486379447	4343.75981059975
chr11	+	62885608-62888135	1692.99257090319	1945.72615276148	2592.26127962288	2428.1156802766
chr11	+	62888218-62888331	1683.16229145923	2115.00336624938	2640.10338986827	2476.12926717473
chr11	+	35139370-35176575	2811.45992097084	2166.94069311498	1102.32127483775	1048.45995879579
chr11	+	35176740-35180274	2411.69522358338	2037.09737595097	1024.21170709017	989.667811573595
chr11	+	35176740-35221705	17.4760523448071	8.65622114426758	9.76369596844776	8.81882208332907
chr11	+	35180407-35186832	2528.56632363928	2114.04156390002	1003.70794555643	1019.06388518469
chr11	+	35180407-35208137	138.716165486906	121.187096019746	20.5037615337403	24.4967280092474
chr11	+	35186900-35189835	2722.98740597526	2160.20807666944	1054.47916459236	1110.19171337909
chr11	+	35190065-35196746	467.48440022359	331.821810530257	63.4640237949104	74.4700531481121
chr11	+	35190065-35198121	1616.53484189466	1163.78084272931	241.16329042066	246.927018333214
chr11	+	35190065-35198145	64.4429430214762	49.0519198175163	8.78732637160298	6.85908384258927
chr11	+	35190065-35201082	192.236575792878	109.645467827389	12.6928047589821	17.6376441666581
chr11	+	35190065-35204512	119.055606598998	103.874653731211	24.4092399211194	25.4765971296173
chr11	+	35190065-35208105	354.982313253894	355.866869264334	33.1965662927224	77.4096605092218
chr11	+	35190065-35211246	4.36901308620177	0.961802349363065	19.5273919368955	32.3356809722066
chr11	+	35190065-35214852	185.683056163575	160.620992343632	806.481286993785	719.223934351504
chr11	+	35196874-35198121	386.657658128857	317.394775289811	82.9914157318059	69.5707075462626
chr11	+	35198246-35201082	1996.63898039421	1526.38032843918	306.58005340926	366.471051018341
chr11	+	35198246-35206112	56.7971701206231	42.3193033719748	2.92910879053433	2.93960736110969
chr11	+	35198246-35208105	258.864025357455	224.099947401594	18.5510223400507	26.4564662499872
chr11	+	35201195-35201668	1321.62645857604	975.267582254147	212.848572112161	267.504269860982
chr11	+	35201195-35201671	960.09062569284	669.414435156693	127.904417186666	136.201807731416
chr11	+	35201787-35204512	2022.85305891142	1424.4292794067	281.194443891295	342.954192129464
chr11	+	35201787-35208105	34.9521046896142	17.3124422885352	4.88184798422388	3.91947648147959
chr11	+	35204640-35206112	2195.42907581639	1491.75544386211	283.147183084985	317.477594999846
chr11	+	35204640-35206115	356.074566525445	231.794366196499	62.4876541980657	64.6713619444131
chr11	+	35206243-35208105	2752.47824430712	1871.66737186052	346.611206879895	458.578748333111
chr11	+	35208206-35209965	3456.98160445715	2724.78605574556	439.366318580149	538.928016203443
chr11	+	35208206-35211246	39.321117775816	25.0068610834397	0.976369596844776	5.87921472221938
chr11	+	35208206-35214852	33.8598514180637	18.2742446378982	2.92910879053433	2.93960736110969
chr11	+	35210054-35211246	3039.74085472488	2460.29040967072	411.051600271651	546.766969166402
chr11	+	35210054-35211264	45.8746374051186	42.3193033719748	4.88184798422388	5.87921472221938
chr11	+	35210054-35214852	69.9042093792284	77.9059902984082	2.92910879053433	10.7785603240689
chr11	+	35211449-35214852	3485.38018951746	2770.95256851499	513.570407940352	630.055844397843
chr11	+	35214914-35219316	3088.89225194465	2553.58523755894	1175.54899460111	1232.67535342533
chr11	+	35219387-35221654	3389.26190162103	2818.08088363378	1279.04417186666	1318.90383601788
chr11	+	35221732-35222375	40.4133710473664	35.5866869264334	5.85821758106866	1.95973824073979
chr11	+	35221732-35229129	3024.44930892318	2557.43244695639	1181.40721218218	1216.01757837904
